insert into tipo_ocorrencia(descricao) values ('Agitação');
insert into tipo_ocorrencia(descricao) values ('Alimentação');
insert into tipo_ocorrencia(descricao) values ('Diarreia');
insert into tipo_ocorrencia(descricao) values ('Dor - Abdomem');
insert into tipo_ocorrencia(descricao) values ('Dor - Cabeça');
insert into tipo_ocorrencia(descricao) values ('Dor - Mmii');
insert into tipo_ocorrencia(descricao) values ('Dor - Mmss');
insert into tipo_ocorrencia(descricao) values ('Febre');
insert into tipo_ocorrencia(descricao) values ('Hiperglicemia');
insert into tipo_ocorrencia(descricao) values ('Hipertensão');
insert into tipo_ocorrencia(descricao) values ('Hipoglicemia');
insert into tipo_ocorrencia(descricao) values ('Hipotensão');
insert into tipo_ocorrencia(descricao) values ('Insulina');
insert into tipo_ocorrencia(descricao) values ('Letargia');
insert into tipo_ocorrencia(descricao) values ('Medicações');
insert into tipo_ocorrencia(descricao) values ('Queda');

insert into tipo_lembrete(descricao) values ('Atendimento INSS');
insert into tipo_lembrete(descricao) values ('Consultas');
insert into tipo_lembrete(descricao) values ('Exames');
insert into tipo_lembrete(descricao) values ('Prova de Vida');
insert into tipo_lembrete(descricao) values ('Revalidação de Senha');
insert into tipo_lembrete(descricao) values ('Triagem');
insert into tipo_lembrete(descricao) values ('Visita domiciliar');

insert into tipo_registro_saude(descricao) values ('Agitação');
insert into tipo_registro_saude(descricao) values ('Alimentação');
insert into tipo_registro_saude(descricao) values ('Diarreia');
insert into tipo_registro_saude(descricao) values ('Dor - Abdomem');
insert into tipo_registro_saude(descricao) values ('Dor - Cabeça');
insert into tipo_registro_saude(descricao) values ('Dor - MMII');
insert into tipo_registro_saude(descricao) values ('Dor - MMSS');
insert into tipo_registro_saude(descricao) values ('Febre');
insert into tipo_registro_saude(descricao) values ('Hiperglicemia');
insert into tipo_registro_saude(descricao) values ('Hipertensão');
insert into tipo_registro_saude(descricao) values ('Hipoglicemia');
insert into tipo_registro_saude(descricao) values ('Hipotensão');
insert into tipo_registro_saude(descricao) values ('Insulina');
insert into tipo_registro_saude(descricao) values ('Letargia');
insert into tipo_registro_saude(descricao) values ('Medicações');
insert into tipo_registro_saude(descricao) values ('Queda');